"","diagnosis","X","age","resting_bp","cholesterol","max_heart_rate","old_peak","no_vessels_colored"
"1","healthy",62,52.3252032520325,129.024390243902,241.991869918699,158.943089430894,0.530894308943089,0.291666666666667
"2","sick",175,56.5242718446602,135.058252427184,245.417475728155,138.679611650485,1.67087378640777,1.12745098039216
